event_id,timestamp,season,latitude,longitude,location,region,state,country,elevation_m,slope_deg,aspect_deg,trigger_category,avalanche_type,size,label_type,avalanche_occurred,observation_confidence,source,source_url,license,weather_station_id,notes,aspect_sin,aspect_cos
HIM-EVT-2023-01,2023-02-01T09:30:00Z,2022-2023,34.052,74.384,Gulmarg / Afarwat Peak Phase-2 Corridor,Pir Panjal (Gulmarg Sector),Jammu & Kashmir,India,3950.0,39.5,48.0,NATURAL,SS,D3.0,EVENT,1,VERIFIED_OFFICIAL_RECORD,DGRE / J&K Disaster Management Authority (JKDMA) Incident Bulletin,https://www.drdo.gov.in/drdo/defence-geoinformatics-research-establishment-dgre,Public Domain (Indian Government Open Disaster Bulletins),DGRE-GULMARG,Natural soft-slab release following 85cm Western Disturbance snowfall with high wind redistribution.,0.7431,0.6691
HIM-EVT-2024-02,2024-03-03T11:00:00Z,2023-2024,34.041,74.392,Gulmarg / Kongdoori Bowl,Pir Panjal (Gulmarg Sector),Jammu & Kashmir,India,3450.0,37.0,35.0,NATURAL,HS,D2.5,EVENT,1,VERIFIED_OFFICIAL_RECORD,JKDMA / DGRE Public Safety Advisory,https://jkdma.jk.gov.in,Public Domain (Government Advisory),DGRE-GULMARG,Hard slab failure on persistent weak layer buried during mid-February freeze-thaw crust formation.,0.5736,0.8192
HIM-EVT-2022-03,2022-10-04T08:45:00Z,2022-2023,30.871,78.852,Draupadi Ka Danda II (DKD-2) / Dokriani Glacier Path,Garhwal Himalaya (Uttarkashi),Uttarakhand,India,4850.0,41.0,315.0,HUMAN_TRIGGERED,SS,D3.5,EVENT,1,VERIFIED_OFFICIAL_RECORD,Nehru Institute of Mountaineering (NIM) & State Disaster Response Force (SDRF) Report,https://nimindia.net,Academic / Public Domain Report,DGRE-JOSHIMATH,"Massive wind-slab fracture triggered near 4,850m elevation during post-monsoon unseasonal heavy blizzard.",-0.7071,0.7071
HIM-EVT-2021-04,2021-02-07T10:20:00Z,2020-2021,30.381,79.734,Raunthi Glacier / Rishiganga Valley Headwall,Garhwal Himalaya (Chamoli),Uttarakhand,India,5600.0,44.0,18.0,NATURAL,HS,D5.0,EVENT,1,VERIFIED_OFFICIAL_RECORD,Geological Survey of India (GSI) & DRDO-DGRE Chamoli Technical Study,https://www.gsi.gov.in,Public Domain Technical Investigation,DGRE-JOSHIMATH,Hanging glacier and ice-rock avalanche detachment from Raunthi peak precipitating valley debris flow.,0.309,0.9511
HIM-EVT-2020-05,2020-01-13T14:30:00Z,2019-2020,34.652,74.751,Gurez Sector / Bagtore Corridor,Greater Himalaya (Bandipora / Gurez),Jammu & Kashmir,India,2900.0,38.0,65.0,NATURAL,SS,D3.0,EVENT,1,VERIFIED_OFFICIAL_RECORD,SASE / DGRE Operational Bulletin 2020,https://www.drdo.gov.in/drdo/defence-geoinformatics-research-establishment-dgre,Public Domain Official Bulletin,DGRE-GULMARG,Continuous 72h Western Disturbance storm cycle loading steep north-east starting zones.,0.9063,0.4226
HIM-EVT-2019-06,2019-01-22T17:15:00Z,2018-2019,33.524,75.192,Jawahar Tunnel / Kulgam Approach,Pir Panjal Range (Banihal Sector),Jammu & Kashmir,India,2200.0,36.5,140.0,NATURAL,SS,D3.0,EVENT,1,VERIFIED_OFFICIAL_RECORD,JKDMA Historical Archive & Police Post Log,https://jkdma.jk.gov.in,Public Domain (Disaster Incident Report),IMD-BANIHAL,Pir Panjal heavy storm precipitation (110mm SWE) creating massive direct-action slab.,0.6428,-0.766
HIM-EVT-2018-07,2018-01-05T13:00:00Z,2017-2018,34.382,74.051,Sadhna Pass (Nashta Pass) / Tangdhar Highway,Shamsbari Range (Kupwara),Jammu & Kashmir,India,3100.0,38.0,80.0,NATURAL,HS,D2.5,EVENT,1,VERIFIED_OFFICIAL_RECORD,Border Roads Organisation (BRO) Beacon Project Avalanche Log,https://bro.gov.in,Public Domain Highway Log,DGRE-GULMARG,High wind slab accumulation on steep leeward highway cuts.,0.9848,0.1736
HIM-EVT-2017-08,2017-01-25T16:45:00Z,2016-2017,34.312,75.312,Sonamarg / Baltal Highway Track,Greater Himalaya (Sind Valley),Jammu & Kashmir,India,2740.0,37.5,195.0,NATURAL,SS,D3.5,EVENT,1,VERIFIED_OFFICIAL_RECORD,DGRE-SASE National Avalanche Database 2017,https://www.drdo.gov.in,Public Domain (Research Citation),DGRE-GULMARG,Part of catastrophic January 2017 Western Disturbance cycle across Kashmir Valley.,-0.2588,-0.9659
HIM-EVT-2016-09,2016-02-03T03:30:00Z,2015-2016,35.352,76.954,Northern Siachen Glacier / Gyong La Base,Saltoro Range (Karakoram),Ladakh,India,5900.0,46.0,90.0,NATURAL,HS,D4.0,EVENT,1,VERIFIED_OFFICIAL_RECORD,Indian Army HQ & DRDO-SASE Investigation Report,https://indianarmy.nic.in,Public Domain Official Incident Report,DGRE-DRAS,"Massive ice-slab fracture at 5,900m dropping ice/firn wall across military outpost.",1.0,0.0
HIM-EVT-2015-10,2015-03-02T12:00:00Z,2014-2015,32.364,77.221,Rohtang Pass / Rahla Falls Avalanche Path #4,Pir Panjal (Kullu / Manali),Himachal Pradesh,India,3800.0,39.0,120.0,NATURAL,SS,D2.5,EVENT,1,VERIFIED_OFFICIAL_RECORD,"SASE Dhundi Field Station Avalanche Registry (Ganju et al., 2015)",https://www.drdo.gov.in,Academic Research Citation,DGRE-DHUNDI,Spring storm rapid warming cycle inducing deep slab failure on south-east aspect.,0.866,-0.5
HIM-EVT-2023-11,2023-03-12T15:20:00Z,2022-2023,32.482,77.124,Sissu / Atal Tunnel North Portal Approach,Lahaul & Spiti (Chandra Valley),Himachal Pradesh,India,3100.0,36.0,220.0,NATURAL,SS,D2.0,EVENT,1,VERIFIED_OFFICIAL_RECORD,Himachal Pradesh State Disaster Management Authority (HPSDMA),https://hpsdma.nic.in,Public Domain (Disaster Incident Report),IMD-KEYLONG,Direct-action soft slab crossing highway near Sissu Waterfall path.,-0.6428,-0.766
HIM-EVT-2024-12,2024-01-30T10:15:00Z,2023-2024,34.281,75.472,Zojila Pass / Zero Point Corridor,Zanskar / Great Himalaya Ridge,Ladakh,India,3528.0,40.0,15.0,NATURAL,SS,D2.5,EVENT,1,VERIFIED_OFFICIAL_RECORD,Ladakh Disaster Management Authority (LDMA) & BRO Vijayak,https://ladakh.nic.in,Public Domain Official Incident Bulletin,DGRE-DRAS,Intense wind slab loading on Zojila headwall blocking NH-1D.,0.2588,0.9659
HIM-EVT-2021-13,2021-01-08T18:00:00Z,2020-2021,30.774,79.501,Mana Village / Badrinath Avalanche Chute,Garhwal Himalaya (Alaknanda Basin),Uttarakhand,India,3200.0,38.5,175.0,NATURAL,SS,D3.0,EVENT,1,VERIFIED_OFFICIAL_RECORD,Uttarakhand State Disaster Management Authority (USDMA) Incident Archive,https://usdma.uk.gov.in,Public Domain (Disaster Incident Report),DGRE-JOSHIMATH,Mid-winter heavy snowfall cycle releasing into Saraswati-Alaknanda confluence.,0.0872,-0.9962
HIM-EVT-2019-14,2019-02-08T11:30:00Z,2018-2019,31.812,78.741,Shipki La / Namgya Corridor,Kinnaur / Western Himalaya,Himachal Pradesh,India,3900.0,41.0,70.0,NATURAL,HS,D3.0,EVENT,1,VERIFIED_OFFICIAL_RECORD,Indo-Tibetan Border Police (ITBP) Incident Log,https://itbpolice.nic.in,Public Domain (Border Incident Archive),IMD-KEYLONG,High-velocity dry snow avalanche on wind-scoured Tibetan border slope.,0.9397,0.342
HIM-EVT-2017-15,2017-12-10T14:10:00Z,2017-2018,34.279,77.602,Khardung La Pass South Face,Ladakh Range (Leh Corridor),Ladakh,India,5359.0,38.0,190.0,NATURAL,SS,D2.0,EVENT,1,VERIFIED_OFFICIAL_RECORD,BRO Himank Project Road Incident Log,https://bro.gov.in,Public Domain (Highway Maintenance Report),IMD-LEH,Ultra-high-elevation shallow slab triggered by fresh storm snow and strong gale-force winds.,-0.1736,-0.9848
HIM-EVT-2020-16,2020-02-28T09:40:00Z,2019-2020,32.321,77.132,Dhundi Avalanche Research Path #1,Pir Panjal (Solang Valley),Himachal Pradesh,India,2850.0,36.5,45.0,NATURAL,SS,D2.0,EVENT,1,VERIFIED_OFFICIAL_RECORD,DGRE-SASE Dhundi Observational Registry,https://www.drdo.gov.in,Academic Research Observation Archive,DGRE-DHUNDI,Instrumented test chute observation at DGRE Dhundi mountain laboratory.,0.7071,0.7071
HIM-EVT-2022-17,2022-01-09T16:00:00Z,2021-2022,33.501,75.201,Banihal Railway Approach / Bankoot,Pir Panjal (Ramban Sector),Jammu & Kashmir,India,1950.0,35.0,135.0,NATURAL,SS,D2.0,EVENT,1,VERIFIED_OFFICIAL_RECORD,Northern Railway & JKDMA Incident Bulletin,https://nr.indianrailways.gov.in,Public Domain (Railway Safety Record),IMD-BANIHAL,Lower-elevation wet snow avalanche following rain-on-snow transition.,0.7071,-0.7071
HIM-EVT-2023-18,2023-11-28T11:20:00Z,2023-2024,34.951,77.702,Sasoma-Saser La Trail / Nubra Sector,Karakoram (Saser Muztagh),Ladakh,India,4300.0,38.5,310.0,NATURAL,SS,D2.5,EVENT,1,VERIFIED_OFFICIAL_RECORD,LDMA Disaster Advisory / Indian Army Eastern Ladakh Log,https://ladakh.nic.in,Public Domain (Disaster Incident Report),IMD-LEH,Early-season high-altitude wind slab on extreme cold arid slope.,-0.766,0.6428
HIM-EVT-2018-19,2018-02-12T13:45:00Z,2017-2018,30.702,79.581,Hemkund Sahib / Ghangaria Corridor,Garhwal Himalaya (Bhyundar Valley),Uttarakhand,India,3850.0,40.0,25.0,NATURAL,SS,D3.0,EVENT,1,VERIFIED_OFFICIAL_RECORD,USDMA Historical Avalanche Catalog (Chamoli District),https://usdma.uk.gov.in,Public Domain (Disaster Incident Report),DGRE-JOSHIMATH,Large powder cloud avalanche descending from steep headwall into Bhyundar valley.,0.4226,0.9063
HIM-EVT-2016-20,2016-12-25T15:00:00Z,2016-2017,32.341,77.201,Marhi / Rohtang Highway Bend #12,Pir Panjal (Kullu),Himachal Pradesh,India,3300.0,37.0,160.0,NATURAL,SS,D2.0,EVENT,1,VERIFIED_OFFICIAL_RECORD,BRO Rohtang Task Force Incident Report,https://bro.gov.in,Public Domain (Highway Safety Report),DGRE-DHUNDI,Direct-action soft slab covering 60 meters of road surface.,0.342,-0.9397
HIM-EVT-2022-21,2022-03-24T10:30:00Z,2021-2022,33.861,76.382,Pensi La / Rangdum Valley Approach,Zanskar Valley (Kargil District),Ladakh,India,4400.0,37.5,40.0,NATURAL,SS,D2.5,EVENT,1,VERIFIED_OFFICIAL_RECORD,Zanskar Sub-Divisional Disaster Management Unit,https://kargil.nic.in,Public Domain (District Disaster Record),DGRE-DRAS,Spring wet slab release crossing Pensi La pass track.,0.6428,0.766
HIM-EVT-2024-22,2024-02-19T08:00:00Z,2023-2024,33.551,75.182,Jawahar Tunnel South Portal / Qazigund,Pir Panjal Range (Kulgam),Jammu & Kashmir,India,2150.0,36.0,130.0,NATURAL,SS,D2.5,EVENT,1,VERIFIED_OFFICIAL_RECORD,JKDMA Daily Emergency Operations Centre Bulletin,https://jkdma.jk.gov.in,Public Domain (Daily Operations Log),IMD-BANIHAL,Heavy 24h storm snow (42mm precipitation) causing soft-slab slope failure.,0.766,-0.6428
HIM-EVT-2021-23,2021-03-01T12:15:00Z,2020-2021,30.932,79.034,Bhojbasa / Gangotri Glacier Trail,Garhwal Himalaya (Bhagirathi Valley),Uttarakhand,India,3790.0,39.0,280.0,NATURAL,SS,D2.0,EVENT,1,VERIFIED_OFFICIAL_RECORD,Gangotri National Park Forest Department Avalanche Log,https://forest.uk.gov.in,Public Domain (Forest Incident Record),DGRE-JOSHIMATH,Afternoon solar radiation wet slab release on west-facing moraine slope.,-0.9848,0.1736
HIM-EVT-2015-24,2015-04-25T11:56:00Z,2014-2015,27.703,88.148,Kangchenjunga Base Approach / Green Lake Corridor,Eastern Himalaya (North Sikkim),Sikkim,India,5200.0,42.0,85.0,NATURAL,HS,D4.0,EVENT,1,VERIFIED_OFFICIAL_RECORD,Sikkim State Disaster Management Authority (SSDMA) Report,https://ssdma.nic.in,Public Domain (Disaster Incident Report),IMD-GANGTOK,Earthquake-associated and steep storm snow slab release across high-altitude glacier snout.,0.9962,0.0872
HIM-BKG-2023-01,2023-01-15T12:00:00Z,2022-2023,34.05,74.38,Gulmarg / High Altitude Observatory Basin,Pir Panjal (Gulmarg Sector),Jammu & Kashmir,India,3500.0,35.0,40.0,UNKNOWN,NONE,NONE,BACKGROUND,0,DOCUMENTED_CONTROL_WINDOW,DGRE-SASE Daily Avalanche Danger Bulletin (Danger Level: LOW),https://www.drdo.gov.in,Public Domain Official Bulletin,DGRE-GULMARG,Documented 72h settled cold snowpack with zero observed avalanches across the Gulmarg observatory basin.,0.6428,0.766
HIM-BKG-2023-02,2023-02-18T12:00:00Z,2022-2023,32.32,77.13,Dhundi / Solang Valley Observatory,Pir Panjal (Solang Valley),Himachal Pradesh,India,2850.0,34.0,50.0,UNKNOWN,NONE,NONE,BACKGROUND,0,DOCUMENTED_CONTROL_WINDOW,DGRE Dhundi Test Basin Daily Observation Log,https://www.drdo.gov.in,Public Domain Official Bulletin,DGRE-DHUNDI,"Stable snowpack, clear high-pressure window, continuous 72h visual inspection confirming zero slides.",0.766,0.6428
HIM-BKG-2024-03,2024-01-10T12:00:00Z,2023-2024,34.42,75.76,Dras Valley Meteorological Test Range,Zanskar Range (Dras Sector),Ladakh,India,3300.0,35.0,180.0,UNKNOWN,NONE,NONE,BACKGROUND,0,DOCUMENTED_CONTROL_WINDOW,IMD Dras / DGRE Daily Snowpack Status Log,https://mausam.imd.gov.in,Public Domain Official Meteorological Log,DGRE-DRAS,"Extreme cold (-22C), shallow settled snowpack (45cm), zero active releases.",0.0,-1.0
HIM-BKG-2024-04,2024-02-10T12:00:00Z,2023-2024,30.74,79.49,Joshimath-Auli Test Slopes,Garhwal Himalaya (Joshimath),Uttarakhand,India,3000.0,36.0,340.0,UNKNOWN,NONE,NONE,BACKGROUND,0,DOCUMENTED_CONTROL_WINDOW,USDMA & DGRE Joshimath Observatory Record,https://usdma.uk.gov.in,Public Domain Official Bulletin,DGRE-JOSHIMATH,Settled consolidated snowpack under clear skies; zero avalanche activity observed.,-0.342,0.9397
HIM-BKG-2022-05,2022-01-28T12:00:00Z,2021-2022,32.57,77.03,Keylong / Bhaga Valley Monitor Site,Lahaul Valley (Keylong Sector),Himachal Pradesh,India,3080.0,34.5,200.0,UNKNOWN,NONE,NONE,BACKGROUND,0,DOCUMENTED_CONTROL_WINDOW,IMD Keylong Meteorological Archive,https://mausam.imd.gov.in,Public Domain (IMD Climate Archive),IMD-KEYLONG,Calm cold spell with no precipitation and stable snowpack.,-0.342,-0.9397
HIM-BKG-2022-06,2022-02-22T12:00:00Z,2021-2022,34.05,74.38,Gulmarg / Apharwat Basin,Pir Panjal (Gulmarg Sector),Jammu & Kashmir,India,3500.0,36.0,45.0,UNKNOWN,NONE,NONE,BACKGROUND,0,DOCUMENTED_CONTROL_WINDOW,DGRE-SASE Low Risk Bulletin Log,https://www.drdo.gov.in,Public Domain Official Bulletin,DGRE-GULMARG,Documented 4-day dry post-storm stability with no slides recorded in ski patrol area.,0.7071,0.7071
HIM-BKG-2021-07,2021-01-25T12:00:00Z,2020-2021,33.52,75.19,Banihal Highway Patrol Sector,Pir Panjal Range (Banihal),Jammu & Kashmir,India,2200.0,35.0,130.0,UNKNOWN,NONE,NONE,BACKGROUND,0,DOCUMENTED_CONTROL_WINDOW,JKDMA / Traffic Police Daily Mountain Highway Log,https://jkdma.jk.gov.in,Public Domain Highway Safety Record,IMD-BANIHAL,Zero slides recorded along entire 40km mountain pass corridor.,0.766,-0.6428
HIM-BKG-2021-08,2021-02-24T12:00:00Z,2020-2021,32.32,77.13,Solang / Dhundi Field Station,Pir Panjal (Solang Valley),Himachal Pradesh,India,2850.0,35.5,60.0,UNKNOWN,NONE,NONE,BACKGROUND,0,DOCUMENTED_CONTROL_WINDOW,DGRE-SASE Dhundi Daily Observatory Observation Record,https://www.drdo.gov.in,Academic Research Observation Archive,DGRE-DHUNDI,Confirmed zero releases across 12 instrumented test chutes.,0.866,0.5
HIM-BKG-2020-09,2020-02-05T12:00:00Z,2019-2020,34.42,75.76,Dras River Basin Test Slopes,Zanskar Range (Dras Sector),Ladakh,India,3300.0,36.0,190.0,UNKNOWN,NONE,NONE,BACKGROUND,0,DOCUMENTED_CONTROL_WINDOW,SASE Field Bulletin (Danger: LOW),https://www.drdo.gov.in,Public Domain Official Bulletin,DGRE-DRAS,"Hard melt-freeze crust surface, zero slab formation.",-0.1736,-0.9848
HIM-BKG-2020-10,2020-03-15T12:00:00Z,2019-2020,30.74,79.49,Joshimath Mountain Valley,Garhwal Himalaya (Joshimath),Uttarakhand,India,3000.0,34.0,320.0,UNKNOWN,NONE,NONE,BACKGROUND,0,DOCUMENTED_CONTROL_WINDOW,USDMA Operational Weather & Safety Log,https://usdma.uk.gov.in,Public Domain (Disaster Incident Report),DGRE-JOSHIMATH,Late winter stable melt-freeze condition; zero avalanche reports.,-0.6428,0.766
HIM-BKG-2019-11,2019-01-10T12:00:00Z,2018-2019,34.05,74.38,Gulmarg Upper Gondola Corridor,Pir Panjal (Gulmarg Sector),Jammu & Kashmir,India,3500.0,35.0,45.0,UNKNOWN,NONE,NONE,BACKGROUND,0,DOCUMENTED_CONTROL_WINDOW,DGRE-SASE Low Avalanche Danger Advisory,https://www.drdo.gov.in,Public Domain Official Bulletin,DGRE-GULMARG,"Low danger, no precipitation, uniform hard packed snow layer.",0.7071,0.7071
HIM-BKG-2019-12,2019-02-25T12:00:00Z,2018-2019,32.57,77.03,Keylong Test Slope,Lahaul Valley (Keylong Sector),Himachal Pradesh,India,3080.0,35.0,210.0,UNKNOWN,NONE,NONE,BACKGROUND,0,DOCUMENTED_CONTROL_WINDOW,IMD Keylong Meteorological Archive,https://mausam.imd.gov.in,Public Domain (IMD Climate Archive),IMD-KEYLONG,Dry period between Western Disturbances with stable snow profile.,-0.5,-0.866
HIM-BKG-2018-13,2018-01-20T12:00:00Z,2017-2018,32.32,77.13,Dhundi Snow Test Station,Pir Panjal (Solang Valley),Himachal Pradesh,India,2850.0,34.0,40.0,UNKNOWN,NONE,NONE,BACKGROUND,0,DOCUMENTED_CONTROL_WINDOW,DGRE-SASE Dhundi Observational Registry,https://www.drdo.gov.in,Academic Research Observation Archive,DGRE-DHUNDI,Zero releases observed across monitoring area during sunny high-pressure week.,0.6428,0.766
HIM-BKG-2018-14,2018-02-28T12:00:00Z,2017-2018,34.42,75.76,Dras High Valley,Zanskar Range (Dras Sector),Ladakh,India,3300.0,35.0,180.0,UNKNOWN,NONE,NONE,BACKGROUND,0,DOCUMENTED_CONTROL_WINDOW,IMD Dras Weather Log,https://mausam.imd.gov.in,Public Domain Official Meteorological Log,DGRE-DRAS,Cold clear weather with zero observed slides on highway monitoring slopes.,0.0,-1.0
HIM-BKG-2017-15,2017-02-15T12:00:00Z,2016-2017,34.05,74.38,Gulmarg Mountain Area,Pir Panjal (Gulmarg Sector),Jammu & Kashmir,India,3500.0,36.0,45.0,UNKNOWN,NONE,NONE,BACKGROUND,0,DOCUMENTED_CONTROL_WINDOW,DGRE-SASE Danger Bulletin Level: LOW,https://www.drdo.gov.in,Public Domain Official Bulletin,DGRE-GULMARG,Post-storm settlement period with zero slides recorded.,0.7071,0.7071
HIM-BKG-2017-16,2017-03-05T12:00:00Z,2016-2017,30.74,79.49,Badrinath Pass Entry,Garhwal Himalaya (Joshimath),Uttarakhand,India,3000.0,35.0,330.0,UNKNOWN,NONE,NONE,BACKGROUND,0,DOCUMENTED_CONTROL_WINDOW,USDMA Incident & Safety Log,https://usdma.uk.gov.in,Public Domain (Disaster Incident Report),DGRE-JOSHIMATH,Clear weather; road clearance crews reported zero active avalanches.,-0.5,0.866
HIM-BKG-2016-17,2016-01-18T12:00:00Z,2015-2016,32.32,77.13,Dhundi / Solang Observatory,Pir Panjal (Solang Valley),Himachal Pradesh,India,2850.0,35.0,50.0,UNKNOWN,NONE,NONE,BACKGROUND,0,DOCUMENTED_CONTROL_WINDOW,DGRE-SASE Dhundi Observational Registry,https://www.drdo.gov.in,Academic Research Observation Archive,DGRE-DHUNDI,Low precipitation winter spell with zero slides.,0.766,0.6428
HIM-BKG-2016-18,2016-02-20T12:00:00Z,2015-2016,34.42,75.76,Dras Basin,Zanskar Range (Dras Sector),Ladakh,India,3300.0,36.0,180.0,UNKNOWN,NONE,NONE,BACKGROUND,0,DOCUMENTED_CONTROL_WINDOW,SASE Field Bulletin (Danger: LOW),https://www.drdo.gov.in,Public Domain Official Bulletin,DGRE-DRAS,Zero avalanche occurrences in Dras sector.,0.0,-1.0
HIM-BKG-2015-19,2015-01-20T12:00:00Z,2014-2015,34.05,74.38,Gulmarg Mountain Plateau,Pir Panjal (Gulmarg Sector),Jammu & Kashmir,India,3500.0,35.0,40.0,UNKNOWN,NONE,NONE,BACKGROUND,0,DOCUMENTED_CONTROL_WINDOW,DGRE-SASE Low Danger Bulletin,https://www.drdo.gov.in,Public Domain Official Bulletin,DGRE-GULMARG,Controlled observation window with zero recorded slides.,0.6428,0.766
HIM-BKG-2015-20,2015-02-15T12:00:00Z,2014-2015,32.57,77.03,Keylong Valley Head,Lahaul Valley (Keylong Sector),Himachal Pradesh,India,3080.0,34.0,200.0,UNKNOWN,NONE,NONE,BACKGROUND,0,DOCUMENTED_CONTROL_WINDOW,IMD Keylong Meteorological Archive,https://mausam.imd.gov.in,Public Domain (IMD Climate Archive),IMD-KEYLONG,"Stable snowpack, clear cold conditions.",-0.342,-0.9397
HIM-UNK-2022-01,2022-12-15T00:00:00Z,2022-2023,34.15,77.58,Leh Rural Mountain Slopes,Ladakh Range,Ladakh,India,3500.0,32.0,180.0,UNKNOWN,UNKNOWN,UNKNOWN,UNKNOWN,-1,UNVERIFIED_OBSERVATION_WINDOW,Unmonitored Regional Slopes,https://ladakh.nic.in,Public Domain,IMD-LEH,Unmonitored slopes with no official avalanche observation record. Must remain UNKNOWN.,0.0,-1.0
HIM-UNK-2021-02,2021-11-20T00:00:00Z,2021-2022,27.7,88.5,North Sikkim High Ridge,Eastern Himalaya,Sikkim,India,4500.0,35.0,90.0,UNKNOWN,UNKNOWN,UNKNOWN,UNKNOWN,-1,UNVERIFIED_OBSERVATION_WINDOW,Remote High-Altitude Terrain,https://ssdma.nic.in,Public Domain,IMD-GANGTOK,Remote unmonitored alpine terrain with insufficient telemetry. Must remain UNKNOWN.,1.0,0.0
